"mbits","num_insertions_until_insertion_failure","mean_time_until_failure","mean_reconstructions"
"16","655680","5.2380988662E7","0"
"17","1311060","1.01202720479E8","0"
"18","2621800","2.01670356233E8","0"
"19","5243260","4.05925404521E8","0"
"20","10486160","8.23931426213E8","0"
