"mbits","num_insertions_until_insertion_failure","mean_time_until_failure","mean_reconstructions"
"16","238","7.0622680461475E10","10"
"17","248","1.37286871710669E11","10"
"18","259","2.52106105975679E11","10"
"19","268","5.30205693698627E11","10"
"20","279","1.093630632900872E12","10"
